/*
-- =========================================================================== A
Activité : IGE487
Trimestre : Automne 2015
Composant : ige487_ini.sql
Encodage : UTF-8
Plateforme : Oracle
Responsable : Luc.Lavoie@USherbrooke.ca
Version : 2.8
Statut : en vigueur
-- =========================================================================== A
*/

/*
-- =========================================================================== B
Insertion des données de tests dans la base de données transactionnelle.

Note:
A n'appliquer que si le schéma a déjà été crée
-- =========================================================================== B
*/

SET SERVEROUTPUT ON; 

-- Dossier d'un patient
INSERT INTO DOSSIER_PATIENT VALUES (seq_DOSSIER_PATIENT.nextval,'bah','mamad','sow','fatou','123456789','13-07-1942');
INSERT INTO DOSSIER_PATIENT VALUES (seq_DOSSIER_PATIENT.nextval,'cr7','ronaldo','kuka','binta','123459786','13-09-1952');
INSERT INTO DOSSIER_PATIENT VALUES (seq_DOSSIER_PATIENT.nextval,'kaka','ricardo','leo','modric','173456289','13-03-1962');
INSERT INTO DOSSIER_PATIENT VALUES (seq_DOSSIER_PATIENT.nextval,'bale','gareth','messi','ramos','123856749','13-02-1972');
INSERT INTO DOSSIER_PATIENT VALUES (seq_DOSSIER_PATIENT.nextval,'martial','anthony','isco','casilla','623451789','13-01-1982');

-- Medicament
INSERT INTO MEDICAMENT VALUES('32145679', 'DOLIPRANE','COMPRIME','3*2');
INSERT INTO MEDICAMENT VALUES('73421009', 'CLAPIXOL10mg','CAPSULE','2*2');
INSERT INTO MEDICAMENT VALUES('37750098', 'CAPIXOL_DEPOT','INJECTION','1*1');
INSERT INTO MEDICAMENT VALUES('10850432', 'VIGAMOX0.5%','COLLYRES','1*2');
INSERT INTO MEDICAMENT VALUES('13334226', 'CARBOCAL','SIROP','1*3');
INSERT INTO MEDICAMENT VALUES('77500671', 'LANSOPRAZOLE','GELULE','2*3');
INSERT INTO MEDICAMENT VALUES('11236789', 'CLINDOXYL','GEL','2*3');

 -- Voie d'administration	
INSERT INTO VOIE_ADMINISTRATION VALUES (seq_VOIE_ADMINISTRATION.nextval,'voie orale');
INSERT INTO VOIE_ADMINISTRATION VALUES (seq_VOIE_ADMINISTRATION.nextval,'voie intraveineuse');
INSERT INTO VOIE_ADMINISTRATION VALUES (seq_VOIE_ADMINISTRATION.nextval,'voie intramusculaire');
INSERT INTO VOIE_ADMINISTRATION VALUES (seq_VOIE_ADMINISTRATION.nextval,'voie pulmonaire');
INSERT INTO VOIE_ADMINISTRATION VALUES (seq_VOIE_ADMINISTRATION.nextval,'voie cutanee');
INSERT INTO VOIE_ADMINISTRATION VALUES (seq_VOIE_ADMINISTRATION.nextval,'voie nasale');
INSERT INTO VOIE_ADMINISTRATION VALUES (seq_VOIE_ADMINISTRATION.nextval,'voie oculaire');

-- Unité de soin 
INSERT INTO UNITE_DE_SOIN VALUES (seq_UNITE_DE_SOIN.nextval,'Chirurgie',3);
INSERT INTO UNITE_DE_SOIN VALUES (seq_UNITE_DE_SOIN.nextval,'urgences',0);
INSERT INTO UNITE_DE_SOIN VALUES (seq_UNITE_DE_SOIN.nextval,'radiotherapie',2);
INSERT INTO UNITE_DE_SOIN VALUES (seq_UNITE_DE_SOIN.nextval,'chimiotherapie',2);
INSERT INTO UNITE_DE_SOIN VALUES (seq_UNITE_DE_SOIN.nextval,'reeducation',1);

-- Plage horaire	 
INSERT INTO PLAGE_HORAIRE VALUES ('07-11-2015', '00h-08h');
INSERT INTO PLAGE_HORAIRE VALUES ('07-11-2015', '08h-16h');
INSERT INTO PLAGE_HORAIRE VALUES ('07-11-2015', '16h-00h');

INSERT INTO PLAGE_HORAIRE VALUES ('08-11-2015', '00h-08h');
INSERT INTO PLAGE_HORAIRE VALUES ('08-11-2015', '08h-16h');
INSERT INTO PLAGE_HORAIRE VALUES ('08-11-2015', '16h-00h');

INSERT INTO PLAGE_HORAIRE VALUES ('09-11-2015', '00h-08h');
INSERT INTO PLAGE_HORAIRE VALUES ('09-11-2015', '08h-16h');
INSERT INTO PLAGE_HORAIRE VALUES ('09-11-2015', '16h-00h');

INSERT INTO PLAGE_HORAIRE VALUES ('10-11-2015', '00h-08h');
INSERT INTO PLAGE_HORAIRE VALUES ('10-11-2015', '08h-16h');
INSERT INTO PLAGE_HORAIRE VALUES ('10-11-2015', '16h-00h');

INSERT INTO PLAGE_HORAIRE VALUES ('11-11-2015', '00h-08h');
INSERT INTO PLAGE_HORAIRE VALUES ('11-11-2015', '08h-16h');
INSERT INTO PLAGE_HORAIRE VALUES ('11-11-2015', '16h-00h');

INSERT INTO PLAGE_HORAIRE VALUES ('12-11-2015', '00h-08h');
INSERT INTO PLAGE_HORAIRE VALUES ('12-11-2015', '08h-16h');
INSERT INTO PLAGE_HORAIRE VALUES ('12-11-2015', '16h-00h');

INSERT INTO PLAGE_HORAIRE VALUES ('13-11-2015', '00h-08h');
INSERT INTO PLAGE_HORAIRE VALUES ('13-11-2015', '08h-16h');
INSERT INTO PLAGE_HORAIRE VALUES ('13-11-2015', '16h-00h');

INSERT INTO PLAGE_HORAIRE VALUES ('14-11-2015', '00h-08h');
INSERT INTO PLAGE_HORAIRE VALUES ('14-11-2015', '08h-16h');
INSERT INTO PLAGE_HORAIRE VALUES ('14-11-2015', '16h-00h');

INSERT INTO PLAGE_HORAIRE VALUES ('15-11-2015', '00h-08h');
INSERT INTO PLAGE_HORAIRE VALUES ('15-11-2015', '08h-16h');
INSERT INTO PLAGE_HORAIRE VALUES ('15-11-2015', '16h-00h');

-- Rôles	
INSERT INTO ROLE VALUES (seq_ROLE.nextval,'Prepose');
INSERT INTO ROLE VALUES (seq_ROLE.nextval,'Auxiliaire');
INSERT INTO ROLE VALUES (seq_ROLE.nextval,'Infirmiere');
INSERT INTO ROLE VALUES (seq_ROLE.nextval,'Technicien');
INSERT INTO ROLE VALUES (seq_ROLE.nextval,'Medecin');

-- Employé
INSERT INTO EMPLOYE VALUES (seq_EMPLOYE.nextval,124567980,'ADAM','ROBERT');
INSERT INTO EMPLOYE VALUES (seq_EMPLOYE.nextval,342670157,'BELAND','LOUIS');
INSERT INTO EMPLOYE VALUES (seq_EMPLOYE.nextval,142477880,'BERTRANT','PIERRE');
INSERT INTO EMPLOYE VALUES (seq_EMPLOYE.nextval,332660987,'BOULIN','SERGE');
INSERT INTO EMPLOYE VALUES (seq_EMPLOYE.nextval,112223450,'DUROCHER','LOUIS PHILIPPE');
INSERT INTO EMPLOYE VALUES (seq_EMPLOYE.nextval,220567998,'GRIMAND','JULIETTE');
INSERT INTO EMPLOYE VALUES (seq_EMPLOYE.nextval,111321543,'LAMBERT','BERNARD');
INSERT INTO EMPLOYE VALUES (seq_EMPLOYE.nextval,200435008,'MORIN','ALIN');
INSERT INTO EMPLOYE VALUES (seq_EMPLOYE.nextval,101200376,'POULIN','CLAUDE');
INSERT INTO EMPLOYE VALUES (seq_EMPLOYE.nextval,290444321,'ROBERT','ANDRE');

-- CHAMBRE
INSERT INTO CHAMBRE VALUES (seq_CHAMBRE.nextval,2);
INSERT INTO CHAMBRE VALUES (seq_CHAMBRE.nextval,2);
INSERT INTO CHAMBRE VALUES (seq_CHAMBRE.nextval,5);
INSERT INTO CHAMBRE VALUES (seq_CHAMBRE.nextval,5);
INSERT INTO CHAMBRE VALUES (seq_CHAMBRE.nextval,4);
INSERT INTO CHAMBRE VALUES (seq_CHAMBRE.nextval,4);
INSERT INTO CHAMBRE VALUES (seq_CHAMBRE.nextval,3);
INSERT INTO CHAMBRE VALUES (seq_CHAMBRE.nextval,3);
INSERT INTO CHAMBRE VALUES (seq_CHAMBRE.nextval,1);
INSERT INTO CHAMBRE VALUES (seq_CHAMBRE.nextval,1);
INSERT INTO CHAMBRE VALUES (seq_CHAMBRE.nextval,1);

-- Lit
INSERT INTO LIT VALUES (seq_LIT.nextval,1);
INSERT INTO LIT VALUES (seq_LIT.nextval,1);
INSERT INTO LIT VALUES (seq_LIT.nextval,2);
INSERT INTO LIT VALUES (seq_LIT.nextval,3);
INSERT INTO LIT VALUES (seq_LIT.nextval,3);
INSERT INTO LIT VALUES (seq_LIT.nextval,3);
INSERT INTO LIT VALUES (seq_LIT.nextval,4);
INSERT INTO LIT VALUES (seq_LIT.nextval,5);
INSERT INTO LIT VALUES (seq_LIT.nextval,5);
INSERT INTO LIT VALUES (seq_LIT.nextval,6);
INSERT INTO LIT VALUES (seq_LIT.nextval,7);
INSERT INTO LIT VALUES (seq_LIT.nextval,8);
INSERT INTO LIT VALUES (seq_LIT.nextval,9);
INSERT INTO LIT VALUES (seq_LIT.nextval,10);

-- Sejour
INSERT INTO SEJOUR VALUES(seq_SEJOUR.nextval,1,1,'07-11-2015','30-11-2015');
INSERT INTO SEJOUR VALUES(seq_SEJOUR.nextval,1,5,'29-09-2015','05-10-2015');
INSERT INTO SEJOUR VALUES(seq_SEJOUR.nextval,3,4,'10-09-2015','30-10-2015');

-- SPECIALITE (Rôle que joue un employé)
INSERT INTO SPECIALITE VALUES (5,4);
INSERT INTO SPECIALITE VALUES (2,7);
INSERT INTO SPECIALITE VALUES (3,2);
INSERT INTO SPECIALITE VALUES (4,5);
INSERT INTO SPECIALITE VALUES (5,9);
INSERT INTO SPECIALITE VALUES (3,1);
INSERT INTO SPECIALITE VALUES (2,6);
INSERT INTO SPECIALITE VALUES (1,8);
INSERT INTO SPECIALITE VALUES (4,3);
INSERT INTO SPECIALITE VALUES (5,10);

-- ordonnance
INSERT INTO ORDONNANCE VALUES (seq_ORDONNANCE.nextval,1,4,'02-10-2015');
INSERT INTO ORDONNANCE VALUES (seq_ORDONNANCE.nextval,1,9,'16-11-2015');
INSERT INTO ORDONNANCE VALUES (seq_ORDONNANCE.nextval,3,10,'15-10-2015');

-- AFFECTATION
INSERT INTO AFFECTATION VALUES (2,10,'07-11-2015','08h-16h',1);
INSERT INTO AFFECTATION VALUES (2,1,'07-11-2015','16h-00h',1);
INSERT INTO AFFECTATION VALUES (2,2,'07-11-2015','00h-08h',1);

INSERT INTO AFFECTATION VALUES (5,3,'08-11-2015','08h-16h',1);
INSERT INTO AFFECTATION VALUES (5,4,'08-11-2015','16h-00h',1);
INSERT INTO AFFECTATION VALUES (5,5,'08-11-2015','00h-08h',1);

INSERT INTO AFFECTATION VALUES (4,6,'09-11-2015','08h-16h',0);
INSERT INTO AFFECTATION VALUES (4,7,'09-11-2015','16h-00h',0);
INSERT INTO AFFECTATION VALUES (4,8,'09-11-2015','00h-08h',0);

INSERT INTO AFFECTATION VALUES (2,10,'10-11-2015','08h-16h',1);
INSERT INTO AFFECTATION VALUES (2,1,'10-11-2015','16h-00h',1);
INSERT INTO AFFECTATION VALUES (2,2,'10-11-2015','00h-08h',1);

INSERT INTO AFFECTATION VALUES (2,10,'11-11-2015','08h-16h',1);
INSERT INTO AFFECTATION VALUES (2,1,'11-11-2015','16h-00h',1);
INSERT INTO AFFECTATION VALUES (2,2,'11-11-2015','00h-08h',1);

INSERT INTO AFFECTATION VALUES (2,10,'12-11-2015','08h-16h',1);
INSERT INTO AFFECTATION VALUES (2,1,'12-11-2015','16h-00h',1);
INSERT INTO AFFECTATION VALUES (2,2,'12-11-2015','00h-08h',1);

INSERT INTO AFFECTATION VALUES (2,10,'13-11-2015','08h-16h',1);
INSERT INTO AFFECTATION VALUES (2,1,'13-11-2015','16h-00h',1);
INSERT INTO AFFECTATION VALUES (2,2,'13-11-2015','00h-08h',1);

INSERT INTO AFFECTATION VALUES (2,10,'14-11-2015','08h-16h',1);
INSERT INTO AFFECTATION VALUES (2,1,'14-11-2015','16h-00h',1);
INSERT INTO AFFECTATION VALUES (2,2,'14-11-2015','00h-08h',1);


-- PRESCRIPTION
INSERT INTO PRESCRIPTION VALUES (seq_PRESCRIPTION.nextval,1,'73421009','02-10-2015','20-10-2015','2','2');
INSERT INTO PRESCRIPTION VALUES (seq_PRESCRIPTION.nextval,2,'13334226','16-11-2015','06-12-2015','1','3');
INSERT INTO PRESCRIPTION VALUES (seq_PRESCRIPTION.nextval,2,'32145679','05-12-2015','12-12-2015','3','2');

-- Voie d’administration des medicaments	
INSERT INTO VOIE_ADM_MEDICAMENT VALUES ('32145679',1);
INSERT INTO VOIE_ADM_MEDICAMENT VALUES ('73421009',1);
INSERT INTO VOIE_ADM_MEDICAMENT VALUES ('37750098',4);
INSERT INTO VOIE_ADM_MEDICAMENT VALUES ('10850432',7);
INSERT INTO VOIE_ADM_MEDICAMENT VALUES ('13334226',6);
INSERT INTO VOIE_ADM_MEDICAMENT VALUES ('77500671',3);
INSERT INTO VOIE_ADM_MEDICAMENT VALUES ('11236789',5);

-- OCCUPATION DES LITS
INSERT INTO OCCUPATION_DES_LITS VALUES (1,4);
INSERT INTO OCCUPATION_DES_LITS VALUES (2,8);	
INSERT INTO OCCUPATION_DES_LITS VALUES (3,14);

-- MEDECIN TRAITANT
INSERT INTO MEDECIN_TRAITANT VALUES (1,4,'21-09-2015','28-10-2015');
INSERT INTO MEDECIN_TRAITANT VALUES (2,9,'29-09-2015','05-10-2015');
INSERT INTO MEDECIN_TRAITANT VALUES (3,10,'10-09-2015','30-10-2015');

-- Habilitation (rôle requis pour administrer un médicament)
INSERT INTO HABILITATION VALUES (5,3);	
INSERT INTO HABILITATION VALUES (3,6);
INSERT INTO HABILITATION VALUES (2,1);
INSERT INTO HABILITATION VALUES (1,2);	
INSERT INTO HABILITATION VALUES (5,4);
INSERT INTO HABILITATION VALUES (2,5);
INSERT INTO HABILITATION VALUES (3,7);


-- AFFECTATION_PRESCRIPTION
INSERT INTO AFFECTATION_PRESCRIPTION VALUES(1,10,'08-11-2015','08h-16h',1);	
INSERT INTO AFFECTATION_PRESCRIPTION VALUES(2,02,'09-11-2015','08h-16h',0);	

-- Soumettre l'insertion des des données
commit;

/*
-- =========================================================================== Z
Contributeurs :
(MBB) Mamadou.Bobo.Bah@USherbrooke.ca    (matricule 15 130 742)
(SK)  Soumia.Kherbache@USherbrooke.ca    (matricule 14 181 440)
(JA)  Julien.Aspirot@USherbrooke.ca 	 (matricule 15 146 398)
(PMA) Pierre-Marie.Airiau@USherbrooke.ca (matricule 15 138 398)

-- -----------------------------------------------------------------------------
-- fin de ige487_ini.sql
-- =========================================================================== Z
*/


